<?xml version="1.0" encoding="UTF-8" ?>
<templates id="responsive_web" xml:space="preserve">
     <!--This template defines the structure for displaying search results in a modal.-->
    <t t-name="responsive_web.SearchResult" owl="1">
       <div class="search-container form-row align-items-center m-auto col-12"
            t-ref="search-container">
        <div class="modal  d-block" tabindex="-1" role="dialog">
            <div class="modal-dialog" role="document">
                <div class="modal-content" style="
    margin-top: 103px;">
                    <div class="modal-header">
                         <div class="input-group">
                        <div class="input-group-prepend">
                         <div class="input-group-text" style="
    width: 611px;">
                        <i class="fa fa-search"/>
                             <input type="search"
                                    class="form-control SearchInput"
                                    t-on-input="onInput"
                                    t-model="state.query" t-ref="search-input"
                                    placeholder="Search menus here ....."
                                    autocomplete="off"
                                    style="margin-right: 10px; padding-left: 10px !important;"/>
                             <button type="button" class="btn-primary"
                                     t-on-click="closeModal">
                             <span aria-hidden="true">&#215;</span>
                        </button>
                         </div>
                        </div>
                    </div>
                    </div>
                    <div class="modal-body">
                        <div class="search-result-container">
                            <t t-foreach="state.results" t-as="menu"
                               t-key="menu.id">
                                <a t-attf-class="o-menu-search-result dropdown-item col-12 ml-auto mr-auto"
                                   t-attf-href="#menu_id=#{menu.id}&amp;action_id=#{menu.actionID}"
                                   t-att-data-menu-id="menu.id"
                                   t-att-data-action-id="menu.actionID">
                                <div class="d-flex align-items-center w-100 gap-3">
                                    <div>
                                        <img t-if="menu.webIconData"
                                             class="menu-icon-web"
                                             t-attf-src="data:image/png;base64, {{menu.webIconData}}"/>
                                    </div>
                                    <div t-out="menu.name"/>
                                </div>
                                </a>
                            </t>
                        </div>
                    </div>
                </div>
            </div>
        </div>
       </div>
    </t>
</templates>
