<?xml version="1.0" encoding="UTF-8" ?>
<odoo>
<!--        Creating Activity Alarm category-->
        <record id="module_activity_reminder" model="ir.module.category">
            <field name="name">Activity Alarm</field>
            <field name="sequence">20</field>
        </record>
<!--        Creating "Set Activity Alarm" groups to set reminder-->
        <record id="group_set_activity_alarm" model="res.groups">
            <field name="name">Set Activity Alarm</field>
        </record>
</odoo>
