<?xml version="1.0" encoding="utf-8"?>
<odoo>
    <!--        This cron job is responsible for sending activity reminders.-->
    <record id="ir_cron_activity_reminder" model="ir.cron">
        <field name="name">Activity Reminder</field>
        <field name="model_id" ref="model_mail_activity_schedule"/>
        <field name="state">code</field>
        <field name="code">model.activity_cron()</field>
        <field name='interval_number'>1</field>
        <field name='interval_type'>days</field>
    </record>
</odoo>
